file,status,error
100_1.txt,ok,
100_2.txt,ok,
100_3.txt,ok,
103_1.txt,ok,
103_2.txt,ok,
103_3.txt,ok,
104_1.txt,ok,
104_2.txt,ok,
104_3.txt,ok,
105_1.txt,ok,
105_2.txt,ok,
105_3.txt,ok,
106_1.txt,ok,
106_2.txt,ok,
106_3.txt,ok,
107_1.txt,ok,
107_2.txt,ok,
107_3.txt,ok,
108_1.txt,ok,
108_2.txt,ok,
108_3.txt,ok,
10_1.txt,ok,
10_2.txt,ok,
10_3.txt,ok,
110_1.txt,ok,
110_2.txt,ok,
110_3.txt,ok,
111_1.txt,ok,
111_2.txt,ok,
111_3.txt,ok,
112_1.txt,ok,
112_2.txt,ok,
112_3.txt,ok,
113_1.txt,ok,
113_2.txt,ok,
113_3.txt,ok,
114_1.txt,ok,
114_2.txt,ok,
114_3.txt,ok,
115_1.txt,ok,
115_2.txt,ok,
115_3.txt,ok,
116_1.txt,ok,
116_2.txt,ok,
116_3.txt,ok,
119_1.txt,ok,
119_2.txt,ok,
119_3.txt,ok,
11_1.txt,ok,
11_2.txt,ok,
11_3.txt,ok,
120_1.txt,ok,
120_2.txt,ok,
120_3.txt,ok,
122_1.txt,ok,
122_2.txt,ok,
122_3.txt,ok,
123_1.txt,ok,
123_2.txt,ok,
123_3.txt,ok,
124_1.txt,ok,
124_2.txt,ok,
124_3.txt,ok,
125_1.txt,ok,
125_2.txt,ok,
125_3.txt,ok,
126_1.txt,ok,
126_2.txt,ok,
126_3.txt,ok,
127_1.txt,ok,
127_2.txt,ok,
127_3.txt,ok,
128_1.txt,ok,
128_2.txt,ok,
128_3.txt,ok,
12_1.txt,ok,
12_2.txt,ok,
12_3.txt,ok,
130_1.txt,ok,
130_2.txt,ok,
130_3.txt,ok,
131_1.txt,ok,
131_2.txt,ok,
131_3.txt,ok,
134_1.txt,ok,
134_2.txt,ok,
134_3.txt,ok,
135_1.txt,ok,
135_2.txt,ok,
135_3.txt,ok,
136_1.txt,ok,
136_2.txt,ok,
136_3.txt,ok,
137_1.txt,ok,
137_2.txt,ok,
137_3.txt,ok,
138_1.txt,ok,
138_2.txt,ok,
138_3.txt,ok,
139_1.txt,ok,
139_2.txt,ok,
139_3.txt,ok,
13_1.txt,ok,
13_2.txt,ok,
13_3.txt,ok,
140_1.txt,ok,
140_2.txt,ok,
140_3.txt,ok,
141_1.txt,ok,
141_2.txt,ok,
141_3.txt,ok,
142_1.txt,ok,
142_2.txt,ok,
142_3.txt,ok,
144_1.txt,ok,
144_2.txt,ok,
144_3.txt,ok,
145_1.txt,ok,
145_2.txt,ok,
145_3.txt,ok,
146_1.txt,ok,
146_2.txt,ok,
146_3.txt,ok,
148_1.txt,ok,
148_2.txt,ok,
148_3.txt,ok,
149_1.txt,ok,
149_2.txt,ok,
149_3.txt,ok,
14_1.txt,ok,
14_2.txt,ok,
14_3.txt,ok,
150_1.txt,ok,
150_2.txt,ok,
150_3.txt,ok,
151_1.txt,ok,
151_2.txt,ok,
151_3.txt,ok,
152_1.txt,ok,
152_2.txt,ok,
152_3.txt,ok,
153_1.txt,ok,
153_2.txt,ok,
153_3.txt,ok,
154_1.txt,ok,
154_2.txt,ok,
154_3.txt,ok,
155_1.txt,ok,
155_2.txt,ok,
155_3.txt,ok,
156_1.txt,ok,
156_2.txt,ok,
156_3.txt,ok,
157_1.txt,ok,
157_2.txt,ok,
157_3.txt,ok,
158_1.txt,ok,
158_2.txt,ok,
158_3.txt,ok,
15_1.txt,ok,
15_2.txt,ok,
15_3.txt,ok,
160_1.txt,ok,
160_2.txt,ok,
160_3.txt,ok,
161_1.txt,ok,
161_2.txt,ok,
161_3.txt,ok,
162_1.txt,ok,
162_2.txt,ok,
162_3.txt,ok,
163_1.txt,ok,
163_2.txt,ok,
163_3.txt,ok,
164_1.txt,ok,
164_2.txt,ok,
164_3.txt,ok,
165_1.txt,ok,
165_2.txt,ok,
165_3.txt,ok,
166_1.txt,ok,
166_2.txt,ok,
166_3.txt,ok,
167_1.txt,ok,
167_2.txt,ok,
167_3.txt,ok,
169_1.txt,ok,
169_2.txt,ok,
169_3.txt,ok,
16_1.txt,ok,
16_2.txt,ok,
16_3.txt,ok,
170_1.txt,ok,
170_2.txt,ok,
170_3.txt,ok,
171_1.txt,ok,
171_2.txt,ok,
171_3.txt,ok,
172_1.txt,ok,
172_2.txt,ok,
172_3.txt,ok,
173_1.txt,ok,
173_2.txt,ok,
173_3.txt,ok,
174_1.txt,ok,
174_2.txt,ok,
174_3.txt,ok,
175_1.txt,ok,
175_2.txt,ok,
175_3.txt,ok,
176_1.txt,ok,
176_2.txt,ok,
176_3.txt,ok,
178_1.txt,ok,
178_2.txt,ok,
178_3.txt,ok,
179_1.txt,ok,
179_2.txt,ok,
179_3.txt,ok,
17_1.txt,ok,
17_2.txt,ok,
17_3.txt,ok,
180_1.txt,ok,
180_2.txt,ok,
180_3.txt,ok,
182_1.txt,ok,
182_2.txt,ok,
182_3.txt,ok,
183_1.txt,ok,
183_2.txt,ok,
183_3.txt,ok,
184_1.txt,ok,
184_2.txt,ok,
184_3.txt,ok,
185_1.txt,ok,
185_2.txt,ok,
185_3.txt,ok,
186_1.txt,ok,
186_2.txt,ok,
186_3.txt,ok,
188_1.txt,ok,
188_2.txt,ok,
188_3.txt,ok,
189_1.txt,ok,
189_2.txt,ok,
189_3.txt,ok,
18_1.txt,ok,
18_2.txt,ok,
18_3.txt,ok,
190_1.txt,ok,
190_2.txt,ok,
190_3.txt,ok,
191_1.txt,ok,
191_2.txt,ok,
191_3.txt,ok,
192_1.txt,ok,
192_2.txt,ok,
192_3.txt,ok,
193_1.txt,ok,
193_2.txt,ok,
193_3.txt,ok,
195_1.txt,ok,
195_2.txt,ok,
195_3.txt,ok,
196_1.txt,ok,
196_2.txt,ok,
196_3.txt,ok,
197_1.txt,ok,
197_2.txt,ok,
197_3.txt,ok,
198_1.txt,ok,
198_2.txt,ok,
198_3.txt,ok,
199_1.txt,ok,
199_2.txt,ok,
199_3.txt,ok,
19_1.txt,ok,
19_2.txt,ok,
19_3.txt,ok,
200_1.txt,ok,
200_2.txt,ok,
200_3.txt,ok,
201_1.txt,ok,
201_2.txt,ok,
201_3.txt,ok,
203_1.txt,ok,
203_2.txt,ok,
203_3.txt,ok,
205_1.txt,ok,
205_2.txt,ok,
205_3.txt,ok,
206_1.txt,ok,
206_2.txt,ok,
206_3.txt,ok,
207_1.txt,ok,
207_2.txt,ok,
207_3.txt,ok,
208_1.txt,ok,
208_2.txt,ok,
208_3.txt,ok,
209_1.txt,ok,
209_2.txt,ok,
209_3.txt,ok,
210_1.txt,ok,
210_2.txt,ok,
210_3.txt,ok,
211_1.txt,ok,
211_2.txt,ok,
211_3.txt,ok,
212_1.txt,ok,
212_2.txt,ok,
212_3.txt,ok,
213_1.txt,ok,
213_2.txt,ok,
213_3.txt,ok,
214_1.txt,ok,
214_2.txt,ok,
214_3.txt,ok,
215_1.txt,ok,
215_2.txt,ok,
215_3.txt,ok,
216_1.txt,ok,
216_2.txt,ok,
216_3.txt,ok,
217_1.txt,ok,
217_2.txt,ok,
217_3.txt,ok,
218_1.txt,ok,
218_2.txt,ok,
218_3.txt,ok,
219_1.txt,ok,
219_2.txt,ok,
219_3.txt,ok,
21_1.txt,ok,
21_2.txt,ok,
21_3.txt,ok,
220_1.txt,ok,
220_2.txt,ok,
220_3.txt,ok,
221_1.txt,ok,
221_2.txt,ok,
221_3.txt,ok,
222_1.txt,ok,
222_2.txt,ok,
222_3.txt,ok,
223_1.txt,ok,
223_2.txt,ok,
223_3.txt,ok,
224_1.txt,ok,
224_2.txt,ok,
224_3.txt,ok,
226_1.txt,ok,
226_2.txt,ok,
226_3.txt,ok,
227_1.txt,ok,
227_2.txt,ok,
227_3.txt,ok,
228_1.txt,ok,
228_2.txt,ok,
228_3.txt,ok,
229_1.txt,ok,
229_2.txt,ok,
229_3.txt,ok,
22_1.txt,ok,
22_2.txt,ok,
22_3.txt,ok,
230_1.txt,ok,
230_2.txt,ok,
230_3.txt,ok,
231_1.txt,ok,
231_2.txt,ok,
231_3.txt,ok,
232_1.txt,ok,
232_2.txt,ok,
232_3.txt,ok,
233_1.txt,ok,
233_2.txt,ok,
233_3.txt,ok,
234_1.txt,ok,
234_2.txt,ok,
234_3.txt,ok,
235_1.txt,ok,
235_2.txt,ok,
235_3.txt,ok,
237_1.txt,ok,
237_2.txt,ok,
237_3.txt,ok,
239_1.txt,ok,
239_2.txt,ok,
239_3.txt,ok,
23_1.txt,ok,
23_2.txt,ok,
23_3.txt,ok,
240_1.txt,ok,
240_2.txt,ok,
240_3.txt,ok,
241_1.txt,ok,
241_2.txt,ok,
241_3.txt,ok,
242_1.txt,ok,
242_2.txt,ok,
242_3.txt,ok,
243_1.txt,ok,
243_2.txt,ok,
243_3.txt,ok,
244_1.txt,ok,
244_2.txt,ok,
244_3.txt,ok,
245_1.txt,ok,
245_2.txt,ok,
245_3.txt,ok,
246_1.txt,ok,
246_2.txt,ok,
246_3.txt,ok,
247_1.txt,ok,
247_2.txt,ok,
247_3.txt,ok,
248_1.txt,ok,
248_2.txt,ok,
248_3.txt,ok,
24_1.txt,ok,
24_2.txt,ok,
24_3.txt,ok,
250_1.txt,ok,
250_2.txt,ok,
250_3.txt,ok,
251_1.txt,ok,
251_2.txt,ok,
251_3.txt,ok,
252_1.txt,ok,
252_2.txt,ok,
252_3.txt,ok,
253_1.txt,ok,
253_2.txt,ok,
253_3.txt,ok,
254_1.txt,ok,
254_2.txt,ok,
254_3.txt,ok,
256_1.txt,ok,
256_2.txt,ok,
256_3.txt,ok,
257_1.txt,ok,
257_2.txt,ok,
257_3.txt,ok,
259_1.txt,ok,
259_2.txt,ok,
259_3.txt,ok,
25_1.txt,ok,
25_2.txt,ok,
25_3.txt,ok,
26_1.txt,ok,
26_2.txt,ok,
26_3.txt,ok,
27_1.txt,ok,
27_2.txt,ok,
27_3.txt,ok,
29_1.txt,ok,
29_2.txt,ok,
29_3.txt,ok,
2_1.txt,ok,
2_2.txt,ok,
2_3.txt,ok,
30_1.txt,ok,
30_2.txt,ok,
30_3.txt,ok,
31_1.txt,ok,
31_2.txt,ok,
31_3.txt,ok,
32_1.txt,ok,
32_2.txt,ok,
32_3.txt,ok,
34_1.txt,ok,
34_2.txt,ok,
34_3.txt,ok,
35_1.txt,ok,
35_2.txt,ok,
35_3.txt,ok,
38_1.txt,ok,
38_2.txt,ok,
38_3.txt,ok,
3_1.txt,ok,
3_2.txt,ok,
3_3.txt,ok,
403_1.txt,ok,
403_2.txt,ok,
403_3.txt,ok,
404_1.txt,ok,
404_2.txt,ok,
404_3.txt,ok,
405_1.txt,ok,
405_2.txt,ok,
405_3.txt,ok,
406_1.txt,ok,
406_2.txt,ok,
406_3.txt,ok,
407_1.txt,ok,
407_2.txt,ok,
407_3.txt,ok,
409_1.txt,ok,
409_2.txt,ok,
409_3.txt,ok,
40_1.txt,ok,
40_2.txt,ok,
40_3.txt,ok,
410_1.txt,ok,
410_2.txt,ok,
410_3.txt,ok,
411_1.txt,ok,
411_2.txt,ok,
411_3.txt,ok,
412_1.txt,ok,
412_2.txt,ok,
412_3.txt,ok,
413_1.txt,ok,
413_2.txt,ok,
413_3.txt,ok,
414_1.txt,ok,
414_2.txt,ok,
414_3.txt,ok,
415_1.txt,ok,
415_2.txt,ok,
415_3.txt,ok,
416_1.txt,ok,
416_2.txt,ok,
416_3.txt,ok,
417_1.txt,ok,
417_2.txt,ok,
417_3.txt,ok,
418_1.txt,ok,
418_2.txt,ok,
418_3.txt,ok,
419_1.txt,ok,
419_2.txt,ok,
419_3.txt,ok,
41_1.txt,ok,
41_2.txt,ok,
41_3.txt,ok,
43_1.txt,ok,
43_2.txt,ok,
43_3.txt,ok,
45_1.txt,ok,
45_2.txt,ok,
45_3.txt,ok,
47_1.txt,ok,
47_2.txt,ok,
47_3.txt,ok,
48_1.txt,ok,
48_2.txt,ok,
48_3.txt,ok,
50_1.txt,ok,
50_2.txt,ok,
50_3.txt,ok,
51_1.txt,ok,
51_2.txt,ok,
51_3.txt,ok,
52_1.txt,ok,
52_2.txt,ok,
52_3.txt,ok,
53_1.txt,ok,
53_2.txt,ok,
53_3.txt,ok,
54_1.txt,ok,
54_2.txt,ok,
54_3.txt,ok,
55_1.txt,ok,
55_2.txt,ok,
55_3.txt,ok,
56_1.txt,ok,
56_2.txt,ok,
56_3.txt,ok,
57_1.txt,ok,
57_2.txt,ok,
57_3.txt,ok,
58_1.txt,ok,
58_2.txt,ok,
58_3.txt,ok,
60_1.txt,ok,
60_2.txt,ok,
60_3.txt,ok,
61_1.txt,ok,
61_2.txt,ok,
61_3.txt,ok,
62_1.txt,ok,
62_2.txt,ok,
62_3.txt,ok,
63_1.txt,ok,
63_2.txt,ok,
63_3.txt,ok,
64_1.txt,ok,
64_2.txt,ok,
64_3.txt,ok,
65_1.txt,ok,
65_2.txt,ok,
65_3.txt,ok,
66_1.txt,ok,
66_2.txt,ok,
66_3.txt,ok,
67_1.txt,ok,
67_2.txt,ok,
67_3.txt,ok,
6_1.txt,ok,
6_2.txt,ok,
6_3.txt,ok,
83_1.txt,ok,
83_2.txt,ok,
83_3.txt,ok,
84_1.txt,ok,
84_2.txt,ok,
84_3.txt,ok,
85_1.txt,ok,
85_2.txt,ok,
85_3.txt,ok,
86_1.txt,ok,
86_2.txt,ok,
86_3.txt,ok,
87_1.txt,ok,
87_2.txt,ok,
87_3.txt,ok,
88_1.txt,ok,
88_2.txt,ok,
88_3.txt,ok,
89_1.txt,ok,
89_2.txt,ok,
89_3.txt,ok,
8_1.txt,ok,
8_2.txt,ok,
8_3.txt,ok,
90_1.txt,ok,
90_2.txt,ok,
90_3.txt,ok,
91_1.txt,ok,
91_2.txt,ok,
91_3.txt,ok,
92_1.txt,ok,
92_2.txt,ok,
92_3.txt,ok,
93_1.txt,ok,
93_2.txt,ok,
93_3.txt,ok,
95_1.txt,ok,
95_2.txt,ok,
95_3.txt,ok,
96_1.txt,ok,
96_2.txt,ok,
96_3.txt,ok,
97_1.txt,ok,
97_2.txt,ok,
97_3.txt,ok,
98_1.txt,ok,
98_2.txt,ok,
98_3.txt,ok,
99_1.txt,ok,
99_2.txt,ok,
99_3.txt,ok,
9_1.txt,ok,
9_2.txt,ok,
9_3.txt,ok,
